id	name	client	contract_value_ngn	project_lead
1429	NMMP_IKEDC	IKEDC	3660563945.97	joseph akinyanmi
1288	Eko_MAP	BEDS	2772604736	joseph akinyanmi
1428	NMMP_JEDC	JEDC	1930494762	joseph akinyanmi
1542	NASIDA Meter Line Assembly	Nasarawa Industrial & Development Agency	1500000000	Barnabas Ablaku
1541	Africa Mini-Grids Programme (AMP)	REA	1500000000	Barnabas Ablaku
1460	Meter Supply PHEDC	PHEDC	1072049920	joseph akinyanmi
1459	REA EEP Program Lots	REA	706746172.19	Benjamin Onwuka
1431	NMMP_KEDC	KEDC	651577098.69	joseph akinyanmi
1598	RFQ/EIC/BD/002/2604	TransAfam	565891120	Chukwudi Osunwa
1485	ATPR00105 Air Intake Filters	TransAfam	519400000	Chukwudi Osunwa
1616	RFQ/EIC/BD/035/2605	TransAfam	369360000	Chukwudi Osunwa
1500	TAFAM_8K HRS INSP	TransAfam	289415015.07	Chukwudi Osunwa
1438	MadeCore_Bakanu Community	MadeCore Solar	235821380	Chiemela Ikechi
1648	RFQ/EIC/BD/066/2607	DPRP	186990476.4	Godspower Akelemo
1662	RFQ/EIC/BD/080/2607	TransAfam	172760332.14	Chukwudi Osunwa
1501	TAFAM_ATPR00141	TransAfam	172760332.14	Chukwudi Osunwa
1642	RFQ/EIC/BD/060/2607	TransAfam	161646300	Chukwudi Osunwa
1549	RFQ/EIC/BD/014/2604	TransAfam	126752610	Chukwudi Osunwa
1623	RFQ/EIC/BD/041/2606	FIPL	109685800	Chukwudi Osunwa
1685	RFQ/EIC/BD/103/2608	DPRP	108174318	Godspower Akelemo
1324	Four Wheel Industrial Platform Truck	DFL	91605000	Godspower Akelemo
1663	RFQ/EIC/BD/081/2607	FIPL	71117530.51	Chukwudi Osunwa
1442	NDPHC-Bulk Chemical Supplies	NDPHC	65000000	Barnabas Ablaku
1470	TM2500 Accessory Gearbox Swap	TransAfam	55898073	Chukwudi Osunwa
1660	RFQ/EIC/BD/078/2607	TransAfam	50128113	Chukwudi Osunwa
1603	RFQ/EIC/BD/022/2605	TransAfam	37642888	Chukwudi Osunwa
1643	RFQ/EIC/BD/061/2607	TransAfam	24549786	Chukwudi Osunwa
1645	RFQ/EIC/BD/063/2607	DPRP	22960000	Godspower Akelemo
1622	RFQ/EIC/BD/040/2606	TransAfam	21896226	Chukwudi Osunwa
1550	RFQ/EIC/BD/015/2604	DFL	20363900	Godspower Akelemo
1531	RFQ/EIC/BD/008/2604	TransAfam	20170844.76	Chukwudi Osunwa
1615	RFQ/EIC/BD/034/2605	DPRP	19644616	Godspower Akelemo
1320	DFL/SPD/3858 Electric Truck 2 wheel Platform	DFL	19375000	Godspower Akelemo
1472	ATPR00065 Turbine Lube Oil	TransAfam	18161000	Chukwudi Osunwa
1331	DFL/SPD/1785	DFL	16250850	Godspower Akelemo
1606	RFQ/EIC/BD/025/2605	TransAfam	7828650	Chukwudi Osunwa
1313	DFL/SPD/3655 Supply of Studs and Nuts	DFL	7344000	Godspower Akelemo
1330	DFL/SPD/3900 Bearings for Conveyor Belt in Bagging Unit	DFL	7343254	Godspower Akelemo
1641	RFQ/EIC/BD/059/2607	TransAfam	3870072	Chukwudi Osunwa
1522	Spares_ Drilling machine & Drill Pits	DFL	2359125	Godspower Akelemo
1318	DFL/SPD/3885 Hose Steam Black 100psi 2in for TM	DFL	1989000	Godspower Akelemo
1380	Pneumatic Grease Pump	DFL	1550000	Godspower Akelemo
1543	DFL/SPD/4048/6107 Purchase of Refrigerating Compressor	DFL	1152832	Godspower Akelemo
1629	RFQ/EIC/BD/053/2606	DFL	599850	Godspower Akelemo
1592	DFL PO-6466 Supply of gasket	DFL	279000	Godspower Akelemo
1551	Lufkin GB N1404C	IGPES	220996.25	Chukwudi Osunwa
1631	RFQ/EIC/BD/047/2606	DPRP	146633.1	Godspower Akelemo
1544	DFL/SPD/4032 Cable Gland & Copper Lugs	DFL	146625	Godspower Akelemo
1681	RFQ/EIC/BD/099/2608	DFL	131250	Godspower Akelemo
